,pair_id,sample_name,barcode,VH,VL,light_chain_type,pair_source,label
0,pos_0000,BCP005_Total,BCP5_Total_CATGGCGGTGTGACGA,QVKLVESGGGVVQPGRSLRLSCVASGNTFSSYALHWVRQAPGKGLEWVAALSYDGSSRYYADSVKGRFTISRDNSKNTLSLQMVALGPEDTALYYCVRDGVVEAIFGPGEHWGQGTLVIVSS,EIVLTQSPATLSLSPGERATLSCRASQSVYAYLAWYQQKPGQAPRLLIYDVSNRATGIPARFSGRGSDTDFTLTISTLEPEDSAVYYCQQRSNWPPFTFGPGTKVEIK,IGK,observed_single_cell_pair,1
3,pos_0006,BCP008_Total,BCP8_Total_TTGAACGTCCACTGGG,QVQLVESGGGVVQPGRSLRLSCAASGPVFRRYGMHWVRQAPGKGLEWVAFIWYDGSKKYYADSVKDRFTISRDNSNNTLYLQMDSLRAEDTAIYYCAKERELWSPFYGMHVWGQGTTVTVSS,DIQMTQSPSTLSATVGDRVTITCRASQSIGSRLAWYLQKPGEVPELLIYKASILESGVPSRFSGSGSGTEFTLTISSLQPDDFASYYCQQYGTSPYTFGQGTKLQIK,IGK,observed_single_cell_pair,1
5,neg_0005,BCP004_Total,BCP4_Total_CGTGAGCGTATCGCAT,QVHLVESGGGVVQPGRSLRVSCAASGFTFSRHAMHWVRQAPGKGLEWVAVTLYDGSDEYYADSVKGRFTISRDNSKNTLYLQMNSLRAEDTAVYFCARDPWELPSVPDYWGQGTLVTVSS,EVVLTQSPGTLSLSPGERATLSCRASQSVSSNYLAWYQQRPGQAPRLLIYGASTRATGIPDRFSGSGSGTDFTLTISRLEPEDFAVYHCQQYYGVETFGQGTKVEIK,IGK,shuffled_pseudo_negative,0
8,neg_0020,BCP005_Total,BCP5_Total_TAAGCGTAGCTAACTC,QVQLQQWGAGLLKPSETLSLTCAVHGGSFSGYYWSWIRQPPGKGLEWIAEIDHSGSTNYNPSLKSRLTLSVDSSENQFSLILNSVTAADTAVYYCARVVGVTYPRFWFFDLWGRGTLVSVSS,DIQMTQSPSTLSATVGDRVTITCRASQSIGSRLAWYLQKPGEVPELLIYKASILESGVPSRFSGSGSGTEFTLTISSLQPDDFASYYCQQYGTSPYTFGQGTKLQIK,IGK,shuffled_pseudo_negative,0
10,neg_0000,BCP005_Total,BCP5_Total_CATGGCGGTGTGACGA,QVKLVESGGGVVQPGRSLRLSCVASGNTFSSYALHWVRQAPGKGLEWVAALSYDGSSRYYADSVKGRFTISRDNSKNTLSLQMVALGPEDTALYYCVRDGVVEAIFGPGEHWGQGTLVIVSS,DIVMTQSPDSLAVSLGERATINCKSSQGVLHSYNNNNSLAWYQQKPGQPPKLLIYWASTRESGVPDRFVGSGSGTDFTLTISSLQAEDVAVFYCQQYYATPYTFGQGTKLEIK,IGK,shuffled_pseudo_negative,0
15,neg_0016,BCP008_Total,BCP8_Total_CGTTGGGGTAAGAGGA,QVQLVQSGAEVKKPGASVKVSCKASGYTFTGYYIHWVRQAPGQGLEWMGWINPNSGGTNYAQKFQGRVTMTRDTSISTAYMELSRLRSDDTAVYYCARGGGDFWSVYLPHPFDYWGQGTLVTVSS,DIVMTQTPLSSPVTLGQPASISCRSSQSLVHSDGNTYLSWLQQRPGQPPRLLIYKISNRFSGVPDRFSGSGAGTDFTLKISRVEAEDVGVYYCTQATQFPWTFGQGTKVEIK,IGK,shuffled_pseudo_negative,0
17,pos_0003,BCP003_Total,BCP3_Total_CATTATCCACCCATGG,QVQLVESGGGVVQPGGSLRLSCAASGFTFSSYGIHWVRQAPGKGLEWVAFIRYDGSDKYNADSVKGRFTISRDNSKNTLYLQMNSLRADDTAVYYCAKFGYGGNSSWGQGTLVTVSS,DIVMTQTPLSSPVTLGQPASISCRSSQSLVHSDGNTYLSWLQQRPGQPPRLLIYKISNRFSGVPDRFSGSGAGTDFTLKISRVEAEDVGVYYCTQATQFPWTFGQGTKVEIK,IGK,observed_single_cell_pair,1
18,pos_0007,BCP003_Total,BCP3_Total_GTGGGTCTCACCCTCA,EVQLVESGGGLVKPGGSLRLSCVASGFSFSNAWMSWVRQAPGKGLEWVARIKSKTDGGTTDYAAPMKGRFTISRDDSKNTLYLQMNSLKSEDTGMYFCATEGGWLPAAIFDFWGQGTLVTVSS,DIVMTQSPDSLAVSLGERATINCKSSQSILYFSNNKNYLAWYQQKPGQPPKLLIYWASSRESGVPDRFSGSGSGTDFTLTISSLQAEDVAVYYCQQYYSTPHTFGQGTKLEIK,IGK,observed_single_cell_pair,1
19,neg_0009,BCP003_Total,BCP3_Total_GCGAGAACAAGAAGAG,QVQLVQSGAEVKKPGASVKVSCKVSGYTLTELSMHWVRQAPGKGLEWMGGFDPEDGETIYAQKFLGRVTVTADTSTDTAYMELSSLRSEDTAVYYCATDPQTIFGVVITPELGYWGQGTLVTVSS,DIVMTQSPLSLPVTPGEPASISCRSSQSLLHSNGYNYLDWYLQKPGQSPQLLIYLGSNRASGVPDRFSGSGSGADFTLKISRVEAEDVGVYYCMQGLQTPITFGQGTRLEIK,IGK,shuffled_pseudo_negative,0
21,pos_0008,BCP005_Total,BCP5_Total_GTCGTAAGTAGGACAC,QVQLQQWGAGLLKPSETLSLTCAVYGGSFSGYFWAWIRQPPGKGLEWIGEMNHGESSSYSPSLKSRVTISVDTSKNQFSLKLTSVTAADAAVYFCARGRRAHSFDYWGQGTLVTVSS,DIVMTQSPLSLPVTPGEPASISCRSSQSLLHSNGYNYLDWYLQKPGQSPQLLIYLGSNRASGVPDRFSGSGSGADFTLKISRVEAEDVGVYYCMQGLQTPITFGQGTRLEIK,IGK,observed_single_cell_pair,1
22,neg_0018,BCP005_Total,BCP5_Total_GACTACAGTTCATGGT,EVQLVQSGAEVKKPGESLKISCQGFGYNFPAYWIGWVRQMPGRGLEWMGLIYPGDSDASYSPSFQGQVTISADKSISSAYLQWSSLKASDTAMYYCARQRLHSYGNGAFDIWGQGTMVTVSS,DIVMTQSPDSLAVSLGERATINCKSSQSVLYSSNNKNYLAWYQQKPGQPPKLLIYWASTRESGVPDRFSGSGSGTDFTLTISSLQAEDVAVYYCQQYYSTPLTFGGGTKVEIK,IGK,shuffled_pseudo_negative,0
23,neg_0023,BCP006_Total,BCP6_Total_CGAGCCAAGCTCCTTC,EVQLVQSGAEVKKPGESLKISCKGSGYSFTSYWIGWVRQMPGKGLEWMGIIYPGDSDTRYSPSFQGQVTISADKSISTAYLQWSSLKASDTAMYYCARKGGPYGGPYYYYYYMDVWGKGTTVTVSS,DIVMTQSPDSLAVSLGERATINCKSSQSILYFSNNKNYLAWYQQKPGQPPKLLIYWASSRESGVPDRFSGSGSGTDFTLTISSLQAEDVAVYYCQQYYSTPHTFGQGTKLEIK,IGK,shuffled_pseudo_negative,0
24,pos_0001,BCP005_Total,BCP5_Total_CCGGGATTCAACACTG,EVQLVESGGGLVQPGGSLRLSCAASGFTFSTYWMGWVRQAPGKGLEWVANLKQDGSVTYYVDSVKGRFIISRDNAKNSLYLQMNSLRAEDTAVYYCARVGGWGWFDPWGQGTLVTVSS,DIVMTQSPDSLAVSLGERATINCKSSQGVLHSYNNNNSLAWYQQKPGQPPKLLIYWASTRESGVPDRFVGSGSGTDFTLTISSLQAEDVAVFYCQQYYATPYTFGQGTKLEIK,IGK,observed_single_cell_pair,1
33,neg_0015,BCP009_Total,BCP9_Total_GGATGTTGTCTAGTGT,EVQLVQSGAEVKEPGESLRISCKASGYSFTSYWIGWVRQKPGKGLEWMGIIFPGDSDIKYSRSFEDIVTITINVSISTAYLQWDNLKASDTATYYCARRKDILTTPRSNAFDVWGQGTVVSVSS,EIVLTQSPATLSLSPGERATLSCRASQSVYAYLAWYQQKPGQAPRLLIYDVSNRATGIPARFSGRGSDTDFTLTISTLEPEDSAVYYCQQRSNWPPFTFGPGTKVEIK,IGK,shuffled_pseudo_negative,0
36,neg_0022,BCP009_Total,BCP9_Total_GTCACGGCATGGTCTA,QVRLQESGPRLVQPWETLSLDCFVSGASIADTSYYWGWIRQSPGKGLEWLGHAYYNGKMYSNPSLRGRISIFVDTSKNLFSLRLTSLSAADTAVFYCARTELSYSGGLSGRWYPEDGFDIWGQGIKVTVAS,VIWMTQSPSLLSASTGDRVTISCRMSQGVTRFLACFQQEPGRAPEILIYIASTLQSGVPSRFSGSGSGTDFTLTVSSLQPEDFATYYCEQSYSSPQTFGQGTKVEI,IGK,shuffled_pseudo_negative,0
37,pos_0013,BCP004_Total,BCP4_Total_GCGCAGTGTACCTACA,EVQLVESGGGLVKPGGSLRLSCAASGFAFSTFTLNWVRQAPGKGLEWVSSISFSSTYIHYADSVKGRFTISRDNAKNSLYLQMNSLRAEDTAVYYCARDSHPKTGDYFDYWGQGTLVTVSS,EIVLTQSPATLSLSPGERATLSCRASQSVNSCLAWYQQKPGQAPRLLIYDASNRATGIPARFSGSGSGTDFTLTISSLEPEDFAVYYCQQRSNWPPITFGQGTRLEI,IGK,observed_single_cell_pair,1
39,pos_0002,BCP003_Total,BCP3_Total_CTACCCATCGAACGGA,QVQLQESGPGLVKPSGTLSLTCAVSGGSISSSNWWSWVRQPPGKGLEWIGEIYHSGSTNYNPSLKSRVTISVDKSKNQFSLKLSSVTAADTAVYYCARAWSDGYSYGFGFDYWGQGTLVTVSS,DIVMTQSPDSLAVSLGERATINCKSSQSVLYSSNNKNYLAWYQQKPGQPPKLLIYWASTRESGVPDRFSGSGSGTDFTLTISSLQAEDVAVYYCQQYYSTPLTFGGGTKVEIK,IGK,observed_single_cell_pair,1
41,neg_0011,BCP004_Total,BCP4_Total_AGGCCGTCAGGGTTAG,QVRLQESGPGLVKPSQTLSLTCTVSGDSITSGDYYWSWIRQSPGKGLEWIAYIYSSGNTYYSPSLKSRVTISADTSKDQFSLELRSVTAADTAVYYCARVYDVWHWFDPWGQGTLVTVSS,EIVLTQSPATLSLSPGERATLSCRASQSVNSCLAWYQQKPGQAPRLLIYDASNRATGIPARFSGSGSGTDFTLTISSLEPEDFAVYYCQQRSNWPPITFGQGTRLEI,IGK,shuffled_pseudo_negative,0
44,neg_0014,BCP009_Total,BCP9_Total_GCCTCTATCACGATGT,QVQLMESGGGVVQPGRSLRLSCVVSGLTFSSYGMHWVRQAPGKGLEWVAFISQTAENEGYADSVKGRFTVFRDNFGDTLYLQMNSLRPEDTAVYFCANAMAHWRWLVSLEYWGQGTLVTVSS,DIVMTQSPDSLAVSLGERATINCKSSQSVLYSSNNKNYLAWYQQKPGQPPKLLIYWASTRESGVPDRFSGSGSGTDFTLTISSLQAEDVAVYYCQQYYSTPQTFGQGTKLEIK,IGK,shuffled_pseudo_negative,0
45,pos_0016,BCP008_Total,BCP8_Total_CGTTGGGGTAAGAGGA,QVQLVQSGAEVKKPGASVKVSCKASGYTFTGYYIHWVRQAPGQGLEWMGWINPNSGGTNYAQKFQGRVTMTRDTSISTAYMELSRLRSDDTAVYYCARGGGDFWSVYLPHPFDYWGQGTLVTVSS,DIVMTQSPDSLAVSLGERATINCKSSQSVLYSSNNKNYLAWYQQKPGQPPKLLIYWASTRESGVPDRFSGSGSGTDFTLTISSLQAEDVAVYYCQQYYSTPQTFGQGTKLEIK,IGK,observed_single_cell_pair,1
46,pos_0010,BCP005_Total,BCP5_Total_GATCTAGCACAGATTC,EVQLVQSGAEVKKPGESLQISCKGSGYSFTNYWIAWVRQMPGKGLEWMAIFYPGDSDSRYNPSFQGHVSVSADKSISTAYLQWTYLKASDTAMYYCARLRGYYDKSGIRSYFDFWGQGTLVTVSS,VIWMTQSPSLLSASTGDRVTISCRMSQGVTRFLACFQQEPGRAPEILIYIASTLQSGVPSRFSGSGSGTDFTLTVSSLQPEDFATYYCEQSYSSPQTFGQGTKVEI,IGK,observed_single_cell_pair,1
47,pos_0018,BCP005_Total,BCP5_Total_GACTACAGTTCATGGT,EVQLVQSGAEVKKPGESLKISCQGFGYNFPAYWIGWVRQMPGRGLEWMGLIYPGDSDASYSPSFQGQVTISADKSISSAYLQWSSLKASDTAMYYCARQRLHSYGNGAFDIWGQGTMVTVSS,EVVLTQSPGTLSLSPGERATLSCRASQSVSSNYLAWYQQRPGQAPRLLIYGASTRATGIPDRFSGSGSGTDFTLTISRLEPEDFAVYHCQQYYGVETFGQGTKVEIK,IGK,observed_single_cell_pair,1
