pair_id,sample_name,barcode,VH,VL,locus,pair_source,label
pos_0000,BCP005_Total,BCP5_Total_CATGGCGGTGTGACGA,QVKLVESGGGVVQPGRSLRLSCVASGNTFSSYALHWVRQAPGKGLEWVAALSYDGSSRYYADSVKGRFTISRDNSKNTLSLQMVALGPEDTALYYCVRDGVVEAIFGPGEHWGQGTLVIVSS,EIVLTQSPATLSLSPGERATLSCRASQSVYAYLAWYQQKPGQAPRLLIYDVSNRATGIPARFSGRGSDTDFTLTISTLEPEDSAVYYCQQRSNWPPFTFGPGTKVEIK,IGK,observed_single_cell_pair,1
neg_0017,BCP006_Total,BCP6_Total_ATTTCTGTCTGTCAAG,QVQLVQSGAEVKKPGASVKVSCKASGYTFTKYAMHWVRQAPGQRLEWMGWINAGNGNTKYSQKFQGRVTITRDTSASTAYMELSSLRSEDTAVYYCAREEITMVRGVISYYMDVWGKGTTVTVSS,QSTLTQPATVSGSPGQSITISCTGTGSDVGYYNFVSWYQQHPGKAPKLIIYEVTDRPSGVSDRFSGSRSGYTATLTISGLQADDEADYYCCAYRNANTWVFGGGTKVTVL,IGL,shuffled_pseudo_negative,0
pos_0004,BCP005_IgMnegMBC,BCP5_MBC_CGTCCATCACAGACTT,QLLESGGGLVRPGDSQRLSCAASGFTLSSHAMSWVRQAPGKGLEWVSSISATGMTTYHADSVKGRFTISRDNSKNMLYLVMNSLRTEDTALYYCVKDGTVFGVVINDWFDLWGQGSLVTVSS,SYVLTQPPSVSVAPGQTATITCGANNIGSERVNWYQQRPGQAPAVVISFDSDRPPGIPERFSGSNSGNTATLTISRVEAGDDADYFCQVWDVSRGQVVFGGGTKLTVL,IGL,observed_single_cell_pair,1
pos_0006,BCP008_Total,BCP8_Total_TTGAACGTCCACTGGG,QVQLVESGGGVVQPGRSLRLSCAASGPVFRRYGMHWVRQAPGKGLEWVAFIWYDGSKKYYADSVKDRFTISRDNSNNTLYLQMDSLRAEDTAIYYCAKERELWSPFYGMHVWGQGTTVTVSS,DIQMTQSPSTLSATVGDRVTITCRASQSIGSRLAWYLQKPGEVPELLIYKASILESGVPSRFSGSGSGTEFTLTISSLQPDDFASYYCQQYGTSPYTFGQGTKLQIK,IGK,observed_single_cell_pair,1
pos_0014,BCP009_Total,BCP9_Total_GCCTCTATCACGATGT,QVQLMESGGGVVQPGRSLRLSCVVSGLTFSSYGMHWVRQAPGKGLEWVAFISQTAENEGYADSVKGRFTVFRDNFGDTLYLQMNSLRPEDTAVYFCANAMAHWRWLVSLEYWGQGTLVTVSS,NFMLTQPHSVSESPGKTITISCTRSSGNIASNYVQWYQQRPGSAPKIVIYEDDQRPSGVPDRFSGSIGSSPNSASLTISGLQIEDEADYYCQSYDSHSYIVFGGGTKLTVL,IGL,observed_single_cell_pair,1
neg_0005,BCP004_Total,BCP4_Total_CGTGAGCGTATCGCAT,QVHLVESGGGVVQPGRSLRVSCAASGFTFSRHAMHWVRQAPGKGLEWVAVTLYDGSDEYYADSVKGRFTISRDNSKNTLYLQMNSLRAEDTAVYFCARDPWELPSVPDYWGQGTLVTVSS,EVVLTQSPGTLSLSPGERATLSCRASQSVSSNYLAWYQQRPGQAPRLLIYGASTRATGIPDRFSGSGSGTDFTLTISRLEPEDFAVYHCQQYYGVETFGQGTKVEIK,IGK,shuffled_pseudo_negative,0
pos_0023,BCP006_Total,BCP6_Total_CGAGCCAAGCTCCTTC,EVQLVQSGAEVKKPGESLKISCKGSGYSFTSYWIGWVRQMPGKGLEWMGIIYPGDSDTRYSPSFQGQVTISADKSISTAYLQWSSLKASDTAMYYCARKGGPYGGPYYYYYYMDVWGKGTTVTVSS,QSVLTQPPSVSGAPGQRVTISCTGSSSNIGTTYDVHWYQQLPGTAPKLLIYGNSNRPSGVPDRFSGSKSGTSASLAITGLQAEDEADYYCQSYDSSLSGSYVFGTGTKVTVL,IGL,observed_single_cell_pair,1
neg_0003,BCP003_Total,BCP3_Total_CATTATCCACCCATGG,QVQLVESGGGVVQPGGSLRLSCAASGFTFSSYGIHWVRQAPGKGLEWVAFIRYDGSDKYNADSVKGRFTISRDNSKNTLYLQMNSLRADDTAVYYCAKFGYGGNSSWGQGTLVTVSS,QAVVTQEPSLTVSPGGTVTLTCGSSTGAVTSGHYPYWFQQKPGQAPRTLIYDTSKKHSWTPARFSGSLLGGKAALTLSGAQPEDEAEYYCLLSYSGARRVFGGGTKLTVL,IGL,shuffled_pseudo_negative,0
neg_0020,BCP005_Total,BCP5_Total_TAAGCGTAGCTAACTC,QVQLQQWGAGLLKPSETLSLTCAVHGGSFSGYYWSWIRQPPGKGLEWIAEIDHSGSTNYNPSLKSRLTLSVDSSENQFSLILNSVTAADTAVYYCARVVGVTYPRFWFFDLWGRGTLVSVSS,DIQMTQSPSTLSATVGDRVTITCRASQSIGSRLAWYLQKPGEVPELLIYKASILESGVPSRFSGSGSGTEFTLTISSLQPDDFASYYCQQYGTSPYTFGQGTKLQIK,IGK,shuffled_pseudo_negative,0
pos_0020,BCP005_Total,BCP5_Total_TAAGCGTAGCTAACTC,QVQLQQWGAGLLKPSETLSLTCAVHGGSFSGYYWSWIRQPPGKGLEWIAEIDHSGSTNYNPSLKSRLTLSVDSSENQFSLILNSVTAADTAVYYCARVVGVTYPRFWFFDLWGRGTLVSVSS,QSALTQPASVSGSPGQSITISCTGTSSDVGAYNLVSWYKQYPGKVPKLMIYEVTKRPSGVSNRFSGSKSGSTASLTISGLQVEDEADYYCCSYAGSSAFVVFGGGTKLTVL,IGL,observed_single_cell_pair,1
neg_0000,BCP005_Total,BCP5_Total_CATGGCGGTGTGACGA,QVKLVESGGGVVQPGRSLRLSCVASGNTFSSYALHWVRQAPGKGLEWVAALSYDGSSRYYADSVKGRFTISRDNSKNTLSLQMVALGPEDTALYYCVRDGVVEAIFGPGEHWGQGTLVIVSS,DIVMTQSPDSLAVSLGERATINCKSSQGVLHSYNNNNSLAWYQQKPGQPPKLLIYWASTRESGVPDRFVGSGSGTDFTLTISSLQAEDVAVFYCQQYYATPYTFGQGTKLEIK,IGK,shuffled_pseudo_negative,0
neg_0021,BCP008_Total,BCP8_Total_GAATGAAAGGCGATAC,QVQLQQWGAGRLTSSETLSLTCGIYSGSFSDYSWSWIRQPPGKGLEWIGEINHRGSTNYNPSLKSRVTISVDTSKNQFSLRLRSVTAADTAVYFCARGPSDSHISNLFDYWGRGTLVTVSS,QSALTQPASVSGSPGQSITISCTGTTSDVGGYNYVSWYQQHPGKAPKLMIFEVSDRPSGVSNRFSGSKSGNTASLTISGLQAEDEADYYCTSYTVSGTLVFGGGTKVTVL,IGL,shuffled_pseudo_negative,0
pos_0015,BCP009_Total,BCP9_Total_GGATGTTGTCTAGTGT,EVQLVQSGAEVKEPGESLRISCKASGYSFTSYWIGWVRQKPGKGLEWMGIIFPGDSDIKYSRSFEDIVTITINVSISTAYLQWDNLKASDTATYYCARRKDILTTPRSNAFDVWGQGTVVSVSS,QTVVTQEPSFSVSPGGTVTLTCGLSSGSVSRSHYPSWYQQAPGQAPRTLISDTDTRSSGVPDRFSGSILGNKAALIITGAQAGDASDYHCALYMGGGIWVFGGGTKLTVL,IGL,observed_single_cell_pair,1
neg_0012,BCP003_Total,BCP3_Total_TATCAGGCAGTGAGTG,QVQLVQSGAEVKKPGASVKVSCKASGYTFTGYYMHWVRQAPGQGLEWMGWIDPNSGDTRYIQKFQGRVTMTRDTSISTAYMELRSLRSDDTAVYYCARGSSGWYVGRCFDPWGQGTLVTVSS,NFMLTQPHSVSESPGKTVNISCTGSSGSIASNYVQWYQQRPGSVPITVIYEDIQRPSGVPDRFSGSIDSSSNSASLTISGLKTEDEADYYCQSFDNNNHVIFGGGTKLTVL,IGL,shuffled_pseudo_negative,0
pos_0017,BCP006_Total,BCP6_Total_ATTTCTGTCTGTCAAG,QVQLVQSGAEVKKPGASVKVSCKASGYTFTKYAMHWVRQAPGQRLEWMGWINAGNGNTKYSQKFQGRVTITRDTSASTAYMELSSLRSEDTAVYYCAREEITMVRGVISYYMDVWGKGTTVTVSS,QSVLTQPPSVSAAPGQKVTISCSGSSSNIGNNYVSWYQQLPGTAPKLLIYDNNKRPSGIPDRFSGSKSGTSATLGITGLQTGDEADYYCGTWDSSLSAYVFGTGTKVTVL,IGL,observed_single_cell_pair,1
neg_0016,BCP008_Total,BCP8_Total_CGTTGGGGTAAGAGGA,QVQLVQSGAEVKKPGASVKVSCKASGYTFTGYYIHWVRQAPGQGLEWMGWINPNSGGTNYAQKFQGRVTMTRDTSISTAYMELSRLRSDDTAVYYCARGGGDFWSVYLPHPFDYWGQGTLVTVSS,DIVMTQTPLSSPVTLGQPASISCRSSQSLVHSDGNTYLSWLQQRPGQPPRLLIYKISNRFSGVPDRFSGSGAGTDFTLKISRVEAEDVGVYYCTQATQFPWTFGQGTKVEIK,IGK,shuffled_pseudo_negative,0
pos_0005,BCP004_Total,BCP4_Total_CGTGAGCGTATCGCAT,QVHLVESGGGVVQPGRSLRVSCAASGFTFSRHAMHWVRQAPGKGLEWVAVTLYDGSDEYYADSVKGRFTISRDNSKNTLYLQMNSLRAEDTAVYFCARDPWELPSVPDYWGQGTLVTVSS,QSALTQPASVSGSPGQSITISCTGTTSDVGGYNYVSWYQQHPGKAPKLMIFEVSDRPSGVSNRFSGSKSGNTASLTISGLQAEDEADYYCTSYTVSGTLVFGGGTKVTVL,IGL,observed_single_cell_pair,1
pos_0003,BCP003_Total,BCP3_Total_CATTATCCACCCATGG,QVQLVESGGGVVQPGGSLRLSCAASGFTFSSYGIHWVRQAPGKGLEWVAFIRYDGSDKYNADSVKGRFTISRDNSKNTLYLQMNSLRADDTAVYYCAKFGYGGNSSWGQGTLVTVSS,DIVMTQTPLSSPVTLGQPASISCRSSQSLVHSDGNTYLSWLQQRPGQPPRLLIYKISNRFSGVPDRFSGSGAGTDFTLKISRVEAEDVGVYYCTQATQFPWTFGQGTKVEIK,IGK,observed_single_cell_pair,1
pos_0007,BCP003_Total,BCP3_Total_GTGGGTCTCACCCTCA,EVQLVESGGGLVKPGGSLRLSCVASGFSFSNAWMSWVRQAPGKGLEWVARIKSKTDGGTTDYAAPMKGRFTISRDDSKNTLYLQMNSLKSEDTGMYFCATEGGWLPAAIFDFWGQGTLVTVSS,DIVMTQSPDSLAVSLGERATINCKSSQSILYFSNNKNYLAWYQQKPGQPPKLLIYWASSRESGVPDRFSGSGSGTDFTLTISSLQAEDVAVYYCQQYYSTPHTFGQGTKLEIK,IGK,observed_single_cell_pair,1
neg_0009,BCP003_Total,BCP3_Total_GCGAGAACAAGAAGAG,QVQLVQSGAEVKKPGASVKVSCKVSGYTLTELSMHWVRQAPGKGLEWMGGFDPEDGETIYAQKFLGRVTVTADTSTDTAYMELSSLRSEDTAVYYCATDPQTIFGVVITPELGYWGQGTLVTVSS,DIVMTQSPLSLPVTPGEPASISCRSSQSLLHSNGYNYLDWYLQKPGQSPQLLIYLGSNRASGVPDRFSGSGSGADFTLKISRVEAEDVGVYYCMQGLQTPITFGQGTRLEIK,IGK,shuffled_pseudo_negative,0
pos_0012,BCP003_Total,BCP3_Total_TATCAGGCAGTGAGTG,QVQLVQSGAEVKKPGASVKVSCKASGYTFTGYYMHWVRQAPGQGLEWMGWIDPNSGDTRYIQKFQGRVTMTRDTSISTAYMELRSLRSDDTAVYYCARGSSGWYVGRCFDPWGQGTLVTVSS,QSVLTHPPSVSGAPGQRVTISCTGSSSNIGAGYDVHWYQQLPGTAPKLLIYGNTNRPSGVPDRFSGSKSGTSASLAITGLQAEDEADYYCQSYDRSLSGSVFGGGTKLTVL,IGL,observed_single_cell_pair,1
pos_0008,BCP005_Total,BCP5_Total_GTCGTAAGTAGGACAC,QVQLQQWGAGLLKPSETLSLTCAVYGGSFSGYFWAWIRQPPGKGLEWIGEMNHGESSSYSPSLKSRVTISVDTSKNQFSLKLTSVTAADAAVYFCARGRRAHSFDYWGQGTLVTVSS,DIVMTQSPLSLPVTPGEPASISCRSSQSLLHSNGYNYLDWYLQKPGQSPQLLIYLGSNRASGVPDRFSGSGSGADFTLKISRVEAEDVGVYYCMQGLQTPITFGQGTRLEIK,IGK,observed_single_cell_pair,1
neg_0018,BCP005_Total,BCP5_Total_GACTACAGTTCATGGT,EVQLVQSGAEVKKPGESLKISCQGFGYNFPAYWIGWVRQMPGRGLEWMGLIYPGDSDASYSPSFQGQVTISADKSISSAYLQWSSLKASDTAMYYCARQRLHSYGNGAFDIWGQGTMVTVSS,DIVMTQSPDSLAVSLGERATINCKSSQSVLYSSNNKNYLAWYQQKPGQPPKLLIYWASTRESGVPDRFSGSGSGTDFTLTISSLQAEDVAVYYCQQYYSTPLTFGGGTKVEIK,IGK,shuffled_pseudo_negative,0
neg_0023,BCP006_Total,BCP6_Total_CGAGCCAAGCTCCTTC,EVQLVQSGAEVKKPGESLKISCKGSGYSFTSYWIGWVRQMPGKGLEWMGIIYPGDSDTRYSPSFQGQVTISADKSISTAYLQWSSLKASDTAMYYCARKGGPYGGPYYYYYYMDVWGKGTTVTVSS,DIVMTQSPDSLAVSLGERATINCKSSQSILYFSNNKNYLAWYQQKPGQPPKLLIYWASSRESGVPDRFSGSGSGTDFTLTISSLQAEDVAVYYCQQYYSTPHTFGQGTKLEIK,IGK,shuffled_pseudo_negative,0
pos_0001,BCP005_Total,BCP5_Total_CCGGGATTCAACACTG,EVQLVESGGGLVQPGGSLRLSCAASGFTFSTYWMGWVRQAPGKGLEWVANLKQDGSVTYYVDSVKGRFIISRDNAKNSLYLQMNSLRAEDTAVYYCARVGGWGWFDPWGQGTLVTVSS,DIVMTQSPDSLAVSLGERATINCKSSQGVLHSYNNNNSLAWYQQKPGQPPKLLIYWASTRESGVPDRFVGSGSGTDFTLTISSLQAEDVAVFYCQQYYATPYTFGQGTKLEIK,IGK,observed_single_cell_pair,1
neg_0004,BCP005_IgMnegMBC,BCP5_MBC_CGTCCATCACAGACTT,QLLESGGGLVRPGDSQRLSCAASGFTLSSHAMSWVRQAPGKGLEWVSSISATGMTTYHADSVKGRFTISRDNSKNMLYLVMNSLRTEDTALYYCVKDGTVFGVVINDWFDLWGQGSLVTVSS,QSVLTQPPSVSAAPGQKVTISCSGSSSNLGNNDVSWYQQLPGTAPKLLIYDNNKRPSRIPDRFSGSKSGTSGTLGITGLQTGDEADYYCGTWDSSLSAVVFGGGTKLTVL,IGL,shuffled_pseudo_negative,0
neg_0006,BCP008_Total,BCP8_Total_TTGAACGTCCACTGGG,QVQLVESGGGVVQPGRSLRLSCAASGPVFRRYGMHWVRQAPGKGLEWVAFIWYDGSKKYYADSVKDRFTISRDNSNNTLYLQMDSLRAEDTAIYYCAKERELWSPFYGMHVWGQGTTVTVSS,QSVLTQPPSVSGAPGQRVTISCTGSSSNIGTTYDVHWYQQLPGTAPKLLIYGNSNRPSGVPDRFSGSKSGTSASLAITGLQAEDEADYYCQSYDSSLSGSYVFGTGTKVTVL,IGL,shuffled_pseudo_negative,0
pos_0022,BCP009_Total,BCP9_Total_GTCACGGCATGGTCTA,QVRLQESGPRLVQPWETLSLDCFVSGASIADTSYYWGWIRQSPGKGLEWLGHAYYNGKMYSNPSLRGRISIFVDTSKNLFSLRLTSLSAADTAVFYCARTELSYSGGLSGRWYPEDGFDIWGQGIKVTVAS,YELTQPPSVSVSPGQTAIISCSGDKLGEKYVSWYQQKTGQSPVVVIHQDAKRPSGIPERFSGSNSGNTATLTISGTQAVDEADYYCQAWDSVNVIFGGGTQVTVL,IGL,observed_single_cell_pair,1
neg_0019,BCP009_Total,BCP9_Total_TACGGATGTACTCAAC,EAQLLESGGALVQPGGSLRLSCEASGFTFGSYAMNWVRQAPGKGLEWVSFIGGLAGGPFYADSVKGRFTISRDMSKKTLYLQMTSLRADDTAVYFCARDRAFTGTYGRRWDGRNFDLWGRGTLVAVSS,NFMLTQPHSVSESPGKTITISCTRSSGNIASNYVQWYQQRPGSAPKIVIYEDDQRPSGVPDRFSGSIGSSPNSASLTISGLQIEDEADYYCQSYDSHSYIVFGGGTKLTVL,IGL,shuffled_pseudo_negative,0
neg_0007,BCP003_Total,BCP3_Total_GTGGGTCTCACCCTCA,EVQLVESGGGLVKPGGSLRLSCVASGFSFSNAWMSWVRQAPGKGLEWVARIKSKTDGGTTDYAAPMKGRFTISRDDSKNTLYLQMNSLKSEDTGMYFCATEGGWLPAAIFDFWGQGTLVTVSS,YELTQPPSVSVSPGQTAIISCSGDKLGEKYVSWYQQKTGQSPVVVIHQDAKRPSGIPERFSGSNSGNTATLTISGTQAVDEADYYCQAWDSVNVIFGGGTQVTVL,IGL,shuffled_pseudo_negative,0
pos_0021,BCP008_Total,BCP8_Total_GAATGAAAGGCGATAC,QVQLQQWGAGRLTSSETLSLTCGIYSGSFSDYSWSWIRQPPGKGLEWIGEINHRGSTNYNPSLKSRVTISVDTSKNQFSLRLRSVTAADTAVYFCARGPSDSHISNLFDYWGRGTLVTVSS,QSVLTQPPSVSAAPGQKVTISCSGSSSNLGNNDVSWYQQLPGTAPKLLIYDNNKRPSRIPDRFSGSKSGTSGTLGITGLQTGDEADYYCGTWDSSLSAVVFGGGTKLTVL,IGL,observed_single_cell_pair,1
pos_0019,BCP009_Total,BCP9_Total_TACGGATGTACTCAAC,EAQLLESGGALVQPGGSLRLSCEASGFTFGSYAMNWVRQAPGKGLEWVSFIGGLAGGPFYADSVKGRFTISRDMSKKTLYLQMTSLRADDTAVYFCARDRAFTGTYGRRWDGRNFDLWGRGTLVAVSS,QSTLTQPATVSGSPGQSITISCTGTGSDVGYYNFVSWYQQHPGKAPKLIIYEVTDRPSGVSDRFSGSRSGYTATLTISGLQADDEADYYCCAYRNANTWVFGGGTKVTVL,IGL,observed_single_cell_pair,1
neg_0008,BCP005_Total,BCP5_Total_GTCGTAAGTAGGACAC,QVQLQQWGAGLLKPSETLSLTCAVYGGSFSGYFWAWIRQPPGKGLEWIGEMNHGESSSYSPSLKSRVTISVDTSKNQFSLKLTSVTAADAAVYFCARGRRAHSFDYWGQGTLVTVSS,QSVLTHPPSVSGAPGQRVTISCTGSSSNIGAGYDVHWYQQLPGTAPKLLIYGNTNRPSGVPDRFSGSKSGTSASLAITGLQAEDEADYYCQSYDRSLSGSVFGGGTKLTVL,IGL,shuffled_pseudo_negative,0
neg_0015,BCP009_Total,BCP9_Total_GGATGTTGTCTAGTGT,EVQLVQSGAEVKEPGESLRISCKASGYSFTSYWIGWVRQKPGKGLEWMGIIFPGDSDIKYSRSFEDIVTITINVSISTAYLQWDNLKASDTATYYCARRKDILTTPRSNAFDVWGQGTVVSVSS,EIVLTQSPATLSLSPGERATLSCRASQSVYAYLAWYQQKPGQAPRLLIYDVSNRATGIPARFSGRGSDTDFTLTISTLEPEDSAVYYCQQRSNWPPFTFGPGTKVEIK,IGK,shuffled_pseudo_negative,0
pos_0011,BCP004_Total,BCP4_Total_AGGCCGTCAGGGTTAG,QVRLQESGPGLVKPSQTLSLTCTVSGDSITSGDYYWSWIRQSPGKGLEWIAYIYSSGNTYYSPSLKSRVTISADTSKDQFSLELRSVTAADTAVYYCARVYDVWHWFDPWGQGTLVTVSS,NFMLTQPHSVSESPGKTVNISCTGSSGSIASNYVQWYQQRPGSVPITVIYEDIQRPSGVPDRFSGSIDSSSNSASLTISGLKTEDEADYYCQSFDNNNHVIFGGGTKLTVL,IGL,observed_single_cell_pair,1
pos_0009,BCP003_Total,BCP3_Total_GCGAGAACAAGAAGAG,QVQLVQSGAEVKKPGASVKVSCKVSGYTLTELSMHWVRQAPGKGLEWMGGFDPEDGETIYAQKFLGRVTVTADTSTDTAYMELSSLRSEDTAVYYCATDPQTIFGVVITPELGYWGQGTLVTVSS,QAVVTQEPSLTVSPGGTVTLTCGSSTGAVTSGHYPYWFQQKPGQAPRTLIYDTSKKHSWTPARFSGSLLGGKAALTLSGAQPEDEAEYYCLLSYSGARRVFGGGTKLTVL,IGL,observed_single_cell_pair,1
neg_0022,BCP009_Total,BCP9_Total_GTCACGGCATGGTCTA,QVRLQESGPRLVQPWETLSLDCFVSGASIADTSYYWGWIRQSPGKGLEWLGHAYYNGKMYSNPSLRGRISIFVDTSKNLFSLRLTSLSAADTAVFYCARTELSYSGGLSGRWYPEDGFDIWGQGIKVTVAS,VIWMTQSPSLLSASTGDRVTISCRMSQGVTRFLACFQQEPGRAPEILIYIASTLQSGVPSRFSGSGSGTDFTLTVSSLQPEDFATYYCEQSYSSPQTFGQGTKVEI,IGK,shuffled_pseudo_negative,0
pos_0013,BCP004_Total,BCP4_Total_GCGCAGTGTACCTACA,EVQLVESGGGLVKPGGSLRLSCAASGFAFSTFTLNWVRQAPGKGLEWVSSISFSSTYIHYADSVKGRFTISRDNAKNSLYLQMNSLRAEDTAVYYCARDSHPKTGDYFDYWGQGTLVTVSS,EIVLTQSPATLSLSPGERATLSCRASQSVNSCLAWYQQKPGQAPRLLIYDASNRATGIPARFSGSGSGTDFTLTISSLEPEDFAVYYCQQRSNWPPITFGQGTRLEI,IGK,observed_single_cell_pair,1
neg_0013,BCP004_Total,BCP4_Total_GCGCAGTGTACCTACA,EVQLVESGGGLVKPGGSLRLSCAASGFAFSTFTLNWVRQAPGKGLEWVSSISFSSTYIHYADSVKGRFTISRDNAKNSLYLQMNSLRAEDTAVYYCARDSHPKTGDYFDYWGQGTLVTVSS,QSVLTQPPSVSAAPGQKVTISCSGSSSNIGNNYVSWYQQLPGTAPKLLIYDNNKRPSGIPDRFSGSKSGTSATLGITGLQTGDEADYYCGTWDSSLSAYVFGTGTKVTVL,IGL,shuffled_pseudo_negative,0
pos_0002,BCP003_Total,BCP3_Total_CTACCCATCGAACGGA,QVQLQESGPGLVKPSGTLSLTCAVSGGSISSSNWWSWVRQPPGKGLEWIGEIYHSGSTNYNPSLKSRVTISVDKSKNQFSLKLSSVTAADTAVYYCARAWSDGYSYGFGFDYWGQGTLVTVSS,DIVMTQSPDSLAVSLGERATINCKSSQSVLYSSNNKNYLAWYQQKPGQPPKLLIYWASTRESGVPDRFSGSGSGTDFTLTISSLQAEDVAVYYCQQYYSTPLTFGGGTKVEIK,IGK,observed_single_cell_pair,1
neg_0002,BCP003_Total,BCP3_Total_CTACCCATCGAACGGA,QVQLQESGPGLVKPSGTLSLTCAVSGGSISSSNWWSWVRQPPGKGLEWIGEIYHSGSTNYNPSLKSRVTISVDKSKNQFSLKLSSVTAADTAVYYCARAWSDGYSYGFGFDYWGQGTLVTVSS,QSALTQPASVSGSPGQSITISCTGTSSDVGAYNLVSWYKQYPGKVPKLMIYEVTKRPSGVSNRFSGSKSGSTASLTISGLQVEDEADYYCCSYAGSSAFVVFGGGTKLTVL,IGL,shuffled_pseudo_negative,0
neg_0011,BCP004_Total,BCP4_Total_AGGCCGTCAGGGTTAG,QVRLQESGPGLVKPSQTLSLTCTVSGDSITSGDYYWSWIRQSPGKGLEWIAYIYSSGNTYYSPSLKSRVTISADTSKDQFSLELRSVTAADTAVYYCARVYDVWHWFDPWGQGTLVTVSS,EIVLTQSPATLSLSPGERATLSCRASQSVNSCLAWYQQKPGQAPRLLIYDASNRATGIPARFSGSGSGTDFTLTISSLEPEDFAVYYCQQRSNWPPITFGQGTRLEI,IGK,shuffled_pseudo_negative,0
neg_0001,BCP005_Total,BCP5_Total_CCGGGATTCAACACTG,EVQLVESGGGLVQPGGSLRLSCAASGFTFSTYWMGWVRQAPGKGLEWVANLKQDGSVTYYVDSVKGRFIISRDNAKNSLYLQMNSLRAEDTAVYYCARVGGWGWFDPWGQGTLVTVSS,SYVLTQPPSVSVAPGQTATITCGANNIGSERVNWYQQRPGQAPAVVISFDSDRPPGIPERFSGSNSGNTATLTISRVEAGDDADYFCQVWDVSRGQVVFGGGTKLTVL,IGL,shuffled_pseudo_negative,0
neg_0010,BCP005_Total,BCP5_Total_GATCTAGCACAGATTC,EVQLVQSGAEVKKPGESLQISCKGSGYSFTNYWIAWVRQMPGKGLEWMAIFYPGDSDSRYNPSFQGHVSVSADKSISTAYLQWTYLKASDTAMYYCARLRGYYDKSGIRSYFDFWGQGTLVTVSS,QTVVTQEPSFSVSPGGTVTLTCGLSSGSVSRSHYPSWYQQAPGQAPRTLISDTDTRSSGVPDRFSGSILGNKAALIITGAQAGDASDYHCALYMGGGIWVFGGGTKLTVL,IGL,shuffled_pseudo_negative,0
neg_0014,BCP009_Total,BCP9_Total_GCCTCTATCACGATGT,QVQLMESGGGVVQPGRSLRLSCVVSGLTFSSYGMHWVRQAPGKGLEWVAFISQTAENEGYADSVKGRFTVFRDNFGDTLYLQMNSLRPEDTAVYFCANAMAHWRWLVSLEYWGQGTLVTVSS,DIVMTQSPDSLAVSLGERATINCKSSQSVLYSSNNKNYLAWYQQKPGQPPKLLIYWASTRESGVPDRFSGSGSGTDFTLTISSLQAEDVAVYYCQQYYSTPQTFGQGTKLEIK,IGK,shuffled_pseudo_negative,0
pos_0016,BCP008_Total,BCP8_Total_CGTTGGGGTAAGAGGA,QVQLVQSGAEVKKPGASVKVSCKASGYTFTGYYIHWVRQAPGQGLEWMGWINPNSGGTNYAQKFQGRVTMTRDTSISTAYMELSRLRSDDTAVYYCARGGGDFWSVYLPHPFDYWGQGTLVTVSS,DIVMTQSPDSLAVSLGERATINCKSSQSVLYSSNNKNYLAWYQQKPGQPPKLLIYWASTRESGVPDRFSGSGSGTDFTLTISSLQAEDVAVYYCQQYYSTPQTFGQGTKLEIK,IGK,observed_single_cell_pair,1
pos_0010,BCP005_Total,BCP5_Total_GATCTAGCACAGATTC,EVQLVQSGAEVKKPGESLQISCKGSGYSFTNYWIAWVRQMPGKGLEWMAIFYPGDSDSRYNPSFQGHVSVSADKSISTAYLQWTYLKASDTAMYYCARLRGYYDKSGIRSYFDFWGQGTLVTVSS,VIWMTQSPSLLSASTGDRVTISCRMSQGVTRFLACFQQEPGRAPEILIYIASTLQSGVPSRFSGSGSGTDFTLTVSSLQPEDFATYYCEQSYSSPQTFGQGTKVEI,IGK,observed_single_cell_pair,1
pos_0018,BCP005_Total,BCP5_Total_GACTACAGTTCATGGT,EVQLVQSGAEVKKPGESLKISCQGFGYNFPAYWIGWVRQMPGRGLEWMGLIYPGDSDASYSPSFQGQVTISADKSISSAYLQWSSLKASDTAMYYCARQRLHSYGNGAFDIWGQGTMVTVSS,EVVLTQSPGTLSLSPGERATLSCRASQSVSSNYLAWYQQRPGQAPRLLIYGASTRATGIPDRFSGSGSGTDFTLTISRLEPEDFAVYHCQQYYGVETFGQGTKVEIK,IGK,observed_single_cell_pair,1
