pair_id,sample_name,barcode,VH,VL,locus,pair_source,label,pairing_scores
pos_0000,BCP005_Total,BCP5_Total_CATGGCGGTGTGACGA,QVKLVESGGGVVQPGRSLRLSCVASGNTFSSYALHWVRQAPGKGLEWVAALSYDGSSRYYADSVKGRFTISRDNSKNTLSLQMVALGPEDTALYYCVRDGVVEAIFGPGEHWGQGTLVIVSS,EIVLTQSPATLSLSPGERATLSCRASQSVYAYLAWYQQKPGQAPRLLIYDVSNRATGIPARFSGRGSDTDFTLTISTLEPEDSAVYYCQQRSNWPPFTFGPGTKVEIK,IGK,observed_single_cell_pair,1,0.322648286819458
neg_0017,BCP006_Total,BCP6_Total_ATTTCTGTCTGTCAAG,QVQLVQSGAEVKKPGASVKVSCKASGYTFTKYAMHWVRQAPGQRLEWMGWINAGNGNTKYSQKFQGRVTITRDTSASTAYMELSSLRSEDTAVYYCAREEITMVRGVISYYMDVWGKGTTVTVSS,QSTLTQPATVSGSPGQSITISCTGTGSDVGYYNFVSWYQQHPGKAPKLIIYEVTDRPSGVSDRFSGSRSGYTATLTISGLQADDEADYYCCAYRNANTWVFGGGTKVTVL,IGL,shuffled_pseudo_negative,0,0.0007644632132723927
pos_0004,BCP005_IgMnegMBC,BCP5_MBC_CGTCCATCACAGACTT,QLLESGGGLVRPGDSQRLSCAASGFTLSSHAMSWVRQAPGKGLEWVSSISATGMTTYHADSVKGRFTISRDNSKNMLYLVMNSLRTEDTALYYCVKDGTVFGVVINDWFDLWGQGSLVTVSS,SYVLTQPPSVSVAPGQTATITCGANNIGSERVNWYQQRPGQAPAVVISFDSDRPPGIPERFSGSNSGNTATLTISRVEAGDDADYFCQVWDVSRGQVVFGGGTKLTVL,IGL,observed_single_cell_pair,1,0.5795303583145142
pos_0006,BCP008_Total,BCP8_Total_TTGAACGTCCACTGGG,QVQLVESGGGVVQPGRSLRLSCAASGPVFRRYGMHWVRQAPGKGLEWVAFIWYDGSKKYYADSVKDRFTISRDNSNNTLYLQMDSLRAEDTAIYYCAKERELWSPFYGMHVWGQGTTVTVSS,DIQMTQSPSTLSATVGDRVTITCRASQSIGSRLAWYLQKPGEVPELLIYKASILESGVPSRFSGSGSGTEFTLTISSLQPDDFASYYCQQYGTSPYTFGQGTKLQIK,IGK,observed_single_cell_pair,1,0.8806205987930298
pos_0014,BCP009_Total,BCP9_Total_GCCTCTATCACGATGT,QVQLMESGGGVVQPGRSLRLSCVVSGLTFSSYGMHWVRQAPGKGLEWVAFISQTAENEGYADSVKGRFTVFRDNFGDTLYLQMNSLRPEDTAVYFCANAMAHWRWLVSLEYWGQGTLVTVSS,NFMLTQPHSVSESPGKTITISCTRSSGNIASNYVQWYQQRPGSAPKIVIYEDDQRPSGVPDRFSGSIGSSPNSASLTISGLQIEDEADYYCQSYDSHSYIVFGGGTKLTVL,IGL,observed_single_cell_pair,1,0.8405249714851379
neg_0005,BCP004_Total,BCP4_Total_CGTGAGCGTATCGCAT,QVHLVESGGGVVQPGRSLRVSCAASGFTFSRHAMHWVRQAPGKGLEWVAVTLYDGSDEYYADSVKGRFTISRDNSKNTLYLQMNSLRAEDTAVYFCARDPWELPSVPDYWGQGTLVTVSS,EVVLTQSPGTLSLSPGERATLSCRASQSVSSNYLAWYQQRPGQAPRLLIYGASTRATGIPDRFSGSGSGTDFTLTISRLEPEDFAVYHCQQYYGVETFGQGTKVEIK,IGK,shuffled_pseudo_negative,0,0.8882109522819519
pos_0023,BCP006_Total,BCP6_Total_CGAGCCAAGCTCCTTC,EVQLVQSGAEVKKPGESLKISCKGSGYSFTSYWIGWVRQMPGKGLEWMGIIYPGDSDTRYSPSFQGQVTISADKSISTAYLQWSSLKASDTAMYYCARKGGPYGGPYYYYYYMDVWGKGTTVTVSS,QSVLTQPPSVSGAPGQRVTISCTGSSSNIGTTYDVHWYQQLPGTAPKLLIYGNSNRPSGVPDRFSGSKSGTSASLAITGLQAEDEADYYCQSYDSSLSGSYVFGTGTKVTVL,IGL,observed_single_cell_pair,1,0.0032431925646960735
neg_0003,BCP003_Total,BCP3_Total_CATTATCCACCCATGG,QVQLVESGGGVVQPGGSLRLSCAASGFTFSSYGIHWVRQAPGKGLEWVAFIRYDGSDKYNADSVKGRFTISRDNSKNTLYLQMNSLRADDTAVYYCAKFGYGGNSSWGQGTLVTVSS,QAVVTQEPSLTVSPGGTVTLTCGSSTGAVTSGHYPYWFQQKPGQAPRTLIYDTSKKHSWTPARFSGSLLGGKAALTLSGAQPEDEAEYYCLLSYSGARRVFGGGTKLTVL,IGL,shuffled_pseudo_negative,0,0.977403461933136
neg_0020,BCP005_Total,BCP5_Total_TAAGCGTAGCTAACTC,QVQLQQWGAGLLKPSETLSLTCAVHGGSFSGYYWSWIRQPPGKGLEWIAEIDHSGSTNYNPSLKSRLTLSVDSSENQFSLILNSVTAADTAVYYCARVVGVTYPRFWFFDLWGRGTLVSVSS,DIQMTQSPSTLSATVGDRVTITCRASQSIGSRLAWYLQKPGEVPELLIYKASILESGVPSRFSGSGSGTEFTLTISSLQPDDFASYYCQQYGTSPYTFGQGTKLQIK,IGK,shuffled_pseudo_negative,0,0.8569068908691406
pos_0020,BCP005_Total,BCP5_Total_TAAGCGTAGCTAACTC,QVQLQQWGAGLLKPSETLSLTCAVHGGSFSGYYWSWIRQPPGKGLEWIAEIDHSGSTNYNPSLKSRLTLSVDSSENQFSLILNSVTAADTAVYYCARVVGVTYPRFWFFDLWGRGTLVSVSS,QSALTQPASVSGSPGQSITISCTGTSSDVGAYNLVSWYKQYPGKVPKLMIYEVTKRPSGVSNRFSGSKSGSTASLTISGLQVEDEADYYCCSYAGSSAFVVFGGGTKLTVL,IGL,observed_single_cell_pair,1,0.6211880445480347
neg_0000,BCP005_Total,BCP5_Total_CATGGCGGTGTGACGA,QVKLVESGGGVVQPGRSLRLSCVASGNTFSSYALHWVRQAPGKGLEWVAALSYDGSSRYYADSVKGRFTISRDNSKNTLSLQMVALGPEDTALYYCVRDGVVEAIFGPGEHWGQGTLVIVSS,DIVMTQSPDSLAVSLGERATINCKSSQGVLHSYNNNNSLAWYQQKPGQPPKLLIYWASTRESGVPDRFVGSGSGTDFTLTISSLQAEDVAVFYCQQYYATPYTFGQGTKLEIK,IGK,shuffled_pseudo_negative,0,0.1287459284067154
neg_0021,BCP008_Total,BCP8_Total_GAATGAAAGGCGATAC,QVQLQQWGAGRLTSSETLSLTCGIYSGSFSDYSWSWIRQPPGKGLEWIGEINHRGSTNYNPSLKSRVTISVDTSKNQFSLRLRSVTAADTAVYFCARGPSDSHISNLFDYWGRGTLVTVSS,QSALTQPASVSGSPGQSITISCTGTTSDVGGYNYVSWYQQHPGKAPKLMIFEVSDRPSGVSNRFSGSKSGNTASLTISGLQAEDEADYYCTSYTVSGTLVFGGGTKVTVL,IGL,shuffled_pseudo_negative,0,0.5750853419303894
pos_0015,BCP009_Total,BCP9_Total_GGATGTTGTCTAGTGT,EVQLVQSGAEVKEPGESLRISCKASGYSFTSYWIGWVRQKPGKGLEWMGIIFPGDSDIKYSRSFEDIVTITINVSISTAYLQWDNLKASDTATYYCARRKDILTTPRSNAFDVWGQGTVVSVSS,QTVVTQEPSFSVSPGGTVTLTCGLSSGSVSRSHYPSWYQQAPGQAPRTLISDTDTRSSGVPDRFSGSILGNKAALIITGAQAGDASDYHCALYMGGGIWVFGGGTKLTVL,IGL,observed_single_cell_pair,1,0.8830325603485107
neg_0012,BCP003_Total,BCP3_Total_TATCAGGCAGTGAGTG,QVQLVQSGAEVKKPGASVKVSCKASGYTFTGYYMHWVRQAPGQGLEWMGWIDPNSGDTRYIQKFQGRVTMTRDTSISTAYMELRSLRSDDTAVYYCARGSSGWYVGRCFDPWGQGTLVTVSS,NFMLTQPHSVSESPGKTVNISCTGSSGSIASNYVQWYQQRPGSVPITVIYEDIQRPSGVPDRFSGSIDSSSNSASLTISGLKTEDEADYYCQSFDNNNHVIFGGGTKLTVL,IGL,shuffled_pseudo_negative,0,0.6402551531791687
pos_0017,BCP006_Total,BCP6_Total_ATTTCTGTCTGTCAAG,QVQLVQSGAEVKKPGASVKVSCKASGYTFTKYAMHWVRQAPGQRLEWMGWINAGNGNTKYSQKFQGRVTITRDTSASTAYMELSSLRSEDTAVYYCAREEITMVRGVISYYMDVWGKGTTVTVSS,QSVLTQPPSVSAAPGQKVTISCSGSSSNIGNNYVSWYQQLPGTAPKLLIYDNNKRPSGIPDRFSGSKSGTSATLGITGLQTGDEADYYCGTWDSSLSAYVFGTGTKVTVL,IGL,observed_single_cell_pair,1,0.5633408427238464
neg_0016,BCP008_Total,BCP8_Total_CGTTGGGGTAAGAGGA,QVQLVQSGAEVKKPGASVKVSCKASGYTFTGYYIHWVRQAPGQGLEWMGWINPNSGGTNYAQKFQGRVTMTRDTSISTAYMELSRLRSDDTAVYYCARGGGDFWSVYLPHPFDYWGQGTLVTVSS,DIVMTQTPLSSPVTLGQPASISCRSSQSLVHSDGNTYLSWLQQRPGQPPRLLIYKISNRFSGVPDRFSGSGAGTDFTLKISRVEAEDVGVYYCTQATQFPWTFGQGTKVEIK,IGK,shuffled_pseudo_negative,0,0.9204611778259277
pos_0005,BCP004_Total,BCP4_Total_CGTGAGCGTATCGCAT,QVHLVESGGGVVQPGRSLRVSCAASGFTFSRHAMHWVRQAPGKGLEWVAVTLYDGSDEYYADSVKGRFTISRDNSKNTLYLQMNSLRAEDTAVYFCARDPWELPSVPDYWGQGTLVTVSS,QSALTQPASVSGSPGQSITISCTGTTSDVGGYNYVSWYQQHPGKAPKLMIFEVSDRPSGVSNRFSGSKSGNTASLTISGLQAEDEADYYCTSYTVSGTLVFGGGTKVTVL,IGL,observed_single_cell_pair,1,0.6877708435058594
pos_0003,BCP003_Total,BCP3_Total_CATTATCCACCCATGG,QVQLVESGGGVVQPGGSLRLSCAASGFTFSSYGIHWVRQAPGKGLEWVAFIRYDGSDKYNADSVKGRFTISRDNSKNTLYLQMNSLRADDTAVYYCAKFGYGGNSSWGQGTLVTVSS,DIVMTQTPLSSPVTLGQPASISCRSSQSLVHSDGNTYLSWLQQRPGQPPRLLIYKISNRFSGVPDRFSGSGAGTDFTLKISRVEAEDVGVYYCTQATQFPWTFGQGTKVEIK,IGK,observed_single_cell_pair,1,0.9857631921768188
pos_0007,BCP003_Total,BCP3_Total_GTGGGTCTCACCCTCA,EVQLVESGGGLVKPGGSLRLSCVASGFSFSNAWMSWVRQAPGKGLEWVARIKSKTDGGTTDYAAPMKGRFTISRDDSKNTLYLQMNSLKSEDTGMYFCATEGGWLPAAIFDFWGQGTLVTVSS,DIVMTQSPDSLAVSLGERATINCKSSQSILYFSNNKNYLAWYQQKPGQPPKLLIYWASSRESGVPDRFSGSGSGTDFTLTISSLQAEDVAVYYCQQYYSTPHTFGQGTKLEIK,IGK,observed_single_cell_pair,1,0.44949352741241455
neg_0009,BCP003_Total,BCP3_Total_GCGAGAACAAGAAGAG,QVQLVQSGAEVKKPGASVKVSCKVSGYTLTELSMHWVRQAPGKGLEWMGGFDPEDGETIYAQKFLGRVTVTADTSTDTAYMELSSLRSEDTAVYYCATDPQTIFGVVITPELGYWGQGTLVTVSS,DIVMTQSPLSLPVTPGEPASISCRSSQSLLHSNGYNYLDWYLQKPGQSPQLLIYLGSNRASGVPDRFSGSGSGADFTLKISRVEAEDVGVYYCMQGLQTPITFGQGTRLEIK,IGK,shuffled_pseudo_negative,0,0.7778195738792419
pos_0012,BCP003_Total,BCP3_Total_TATCAGGCAGTGAGTG,QVQLVQSGAEVKKPGASVKVSCKASGYTFTGYYMHWVRQAPGQGLEWMGWIDPNSGDTRYIQKFQGRVTMTRDTSISTAYMELRSLRSDDTAVYYCARGSSGWYVGRCFDPWGQGTLVTVSS,QSVLTHPPSVSGAPGQRVTISCTGSSSNIGAGYDVHWYQQLPGTAPKLLIYGNTNRPSGVPDRFSGSKSGTSASLAITGLQAEDEADYYCQSYDRSLSGSVFGGGTKLTVL,IGL,observed_single_cell_pair,1,0.9099774360656738
pos_0008,BCP005_Total,BCP5_Total_GTCGTAAGTAGGACAC,QVQLQQWGAGLLKPSETLSLTCAVYGGSFSGYFWAWIRQPPGKGLEWIGEMNHGESSSYSPSLKSRVTISVDTSKNQFSLKLTSVTAADAAVYFCARGRRAHSFDYWGQGTLVTVSS,DIVMTQSPLSLPVTPGEPASISCRSSQSLLHSNGYNYLDWYLQKPGQSPQLLIYLGSNRASGVPDRFSGSGSGADFTLKISRVEAEDVGVYYCMQGLQTPITFGQGTRLEIK,IGK,observed_single_cell_pair,1,0.4322853982448578
neg_0018,BCP005_Total,BCP5_Total_GACTACAGTTCATGGT,EVQLVQSGAEVKKPGESLKISCQGFGYNFPAYWIGWVRQMPGRGLEWMGLIYPGDSDASYSPSFQGQVTISADKSISSAYLQWSSLKASDTAMYYCARQRLHSYGNGAFDIWGQGTMVTVSS,DIVMTQSPDSLAVSLGERATINCKSSQSVLYSSNNKNYLAWYQQKPGQPPKLLIYWASTRESGVPDRFSGSGSGTDFTLTISSLQAEDVAVYYCQQYYSTPLTFGGGTKVEIK,IGK,shuffled_pseudo_negative,0,0.003252220805734396
neg_0023,BCP006_Total,BCP6_Total_CGAGCCAAGCTCCTTC,EVQLVQSGAEVKKPGESLKISCKGSGYSFTSYWIGWVRQMPGKGLEWMGIIYPGDSDTRYSPSFQGQVTISADKSISTAYLQWSSLKASDTAMYYCARKGGPYGGPYYYYYYMDVWGKGTTVTVSS,DIVMTQSPDSLAVSLGERATINCKSSQSILYFSNNKNYLAWYQQKPGQPPKLLIYWASSRESGVPDRFSGSGSGTDFTLTISSLQAEDVAVYYCQQYYSTPHTFGQGTKLEIK,IGK,shuffled_pseudo_negative,0,0.0363299585878849
pos_0001,BCP005_Total,BCP5_Total_CCGGGATTCAACACTG,EVQLVESGGGLVQPGGSLRLSCAASGFTFSTYWMGWVRQAPGKGLEWVANLKQDGSVTYYVDSVKGRFIISRDNAKNSLYLQMNSLRAEDTAVYYCARVGGWGWFDPWGQGTLVTVSS,DIVMTQSPDSLAVSLGERATINCKSSQGVLHSYNNNNSLAWYQQKPGQPPKLLIYWASTRESGVPDRFVGSGSGTDFTLTISSLQAEDVAVFYCQQYYATPYTFGQGTKLEIK,IGK,observed_single_cell_pair,1,0.9602597951889038
neg_0004,BCP005_IgMnegMBC,BCP5_MBC_CGTCCATCACAGACTT,QLLESGGGLVRPGDSQRLSCAASGFTLSSHAMSWVRQAPGKGLEWVSSISATGMTTYHADSVKGRFTISRDNSKNMLYLVMNSLRTEDTALYYCVKDGTVFGVVINDWFDLWGQGSLVTVSS,QSVLTQPPSVSAAPGQKVTISCSGSSSNLGNNDVSWYQQLPGTAPKLLIYDNNKRPSRIPDRFSGSKSGTSGTLGITGLQTGDEADYYCGTWDSSLSAVVFGGGTKLTVL,IGL,shuffled_pseudo_negative,0,0.3600294291973114
neg_0006,BCP008_Total,BCP8_Total_TTGAACGTCCACTGGG,QVQLVESGGGVVQPGRSLRLSCAASGPVFRRYGMHWVRQAPGKGLEWVAFIWYDGSKKYYADSVKDRFTISRDNSNNTLYLQMDSLRAEDTAIYYCAKERELWSPFYGMHVWGQGTTVTVSS,QSVLTQPPSVSGAPGQRVTISCTGSSSNIGTTYDVHWYQQLPGTAPKLLIYGNSNRPSGVPDRFSGSKSGTSASLAITGLQAEDEADYYCQSYDSSLSGSYVFGTGTKVTVL,IGL,shuffled_pseudo_negative,0,0.5084357261657715
pos_0022,BCP009_Total,BCP9_Total_GTCACGGCATGGTCTA,QVRLQESGPRLVQPWETLSLDCFVSGASIADTSYYWGWIRQSPGKGLEWLGHAYYNGKMYSNPSLRGRISIFVDTSKNLFSLRLTSLSAADTAVFYCARTELSYSGGLSGRWYPEDGFDIWGQGIKVTVAS,YELTQPPSVSVSPGQTAIISCSGDKLGEKYVSWYQQKTGQSPVVVIHQDAKRPSGIPERFSGSNSGNTATLTISGTQAVDEADYYCQAWDSVNVIFGGGTQVTVL,IGL,observed_single_cell_pair,1,0.9772268533706665
neg_0019,BCP009_Total,BCP9_Total_TACGGATGTACTCAAC,EAQLLESGGALVQPGGSLRLSCEASGFTFGSYAMNWVRQAPGKGLEWVSFIGGLAGGPFYADSVKGRFTISRDMSKKTLYLQMTSLRADDTAVYFCARDRAFTGTYGRRWDGRNFDLWGRGTLVAVSS,NFMLTQPHSVSESPGKTITISCTRSSGNIASNYVQWYQQRPGSAPKIVIYEDDQRPSGVPDRFSGSIGSSPNSASLTISGLQIEDEADYYCQSYDSHSYIVFGGGTKLTVL,IGL,shuffled_pseudo_negative,0,0.7442857027053833
neg_0007,BCP003_Total,BCP3_Total_GTGGGTCTCACCCTCA,EVQLVESGGGLVKPGGSLRLSCVASGFSFSNAWMSWVRQAPGKGLEWVARIKSKTDGGTTDYAAPMKGRFTISRDDSKNTLYLQMNSLKSEDTGMYFCATEGGWLPAAIFDFWGQGTLVTVSS,YELTQPPSVSVSPGQTAIISCSGDKLGEKYVSWYQQKTGQSPVVVIHQDAKRPSGIPERFSGSNSGNTATLTISGTQAVDEADYYCQAWDSVNVIFGGGTQVTVL,IGL,shuffled_pseudo_negative,0,0.05963592603802681
pos_0021,BCP008_Total,BCP8_Total_GAATGAAAGGCGATAC,QVQLQQWGAGRLTSSETLSLTCGIYSGSFSDYSWSWIRQPPGKGLEWIGEINHRGSTNYNPSLKSRVTISVDTSKNQFSLRLRSVTAADTAVYFCARGPSDSHISNLFDYWGRGTLVTVSS,QSVLTQPPSVSAAPGQKVTISCSGSSSNLGNNDVSWYQQLPGTAPKLLIYDNNKRPSRIPDRFSGSKSGTSGTLGITGLQTGDEADYYCGTWDSSLSAVVFGGGTKLTVL,IGL,observed_single_cell_pair,1,0.7477195262908936
pos_0019,BCP009_Total,BCP9_Total_TACGGATGTACTCAAC,EAQLLESGGALVQPGGSLRLSCEASGFTFGSYAMNWVRQAPGKGLEWVSFIGGLAGGPFYADSVKGRFTISRDMSKKTLYLQMTSLRADDTAVYFCARDRAFTGTYGRRWDGRNFDLWGRGTLVAVSS,QSTLTQPATVSGSPGQSITISCTGTGSDVGYYNFVSWYQQHPGKAPKLIIYEVTDRPSGVSDRFSGSRSGYTATLTISGLQADDEADYYCCAYRNANTWVFGGGTKVTVL,IGL,observed_single_cell_pair,1,0.9714221358299255
neg_0008,BCP005_Total,BCP5_Total_GTCGTAAGTAGGACAC,QVQLQQWGAGLLKPSETLSLTCAVYGGSFSGYFWAWIRQPPGKGLEWIGEMNHGESSSYSPSLKSRVTISVDTSKNQFSLKLTSVTAADAAVYFCARGRRAHSFDYWGQGTLVTVSS,QSVLTHPPSVSGAPGQRVTISCTGSSSNIGAGYDVHWYQQLPGTAPKLLIYGNTNRPSGVPDRFSGSKSGTSASLAITGLQAEDEADYYCQSYDRSLSGSVFGGGTKLTVL,IGL,shuffled_pseudo_negative,0,0.6733936071395874
neg_0015,BCP009_Total,BCP9_Total_GGATGTTGTCTAGTGT,EVQLVQSGAEVKEPGESLRISCKASGYSFTSYWIGWVRQKPGKGLEWMGIIFPGDSDIKYSRSFEDIVTITINVSISTAYLQWDNLKASDTATYYCARRKDILTTPRSNAFDVWGQGTVVSVSS,EIVLTQSPATLSLSPGERATLSCRASQSVYAYLAWYQQKPGQAPRLLIYDVSNRATGIPARFSGRGSDTDFTLTISTLEPEDSAVYYCQQRSNWPPFTFGPGTKVEIK,IGK,shuffled_pseudo_negative,0,0.9776923060417175
pos_0011,BCP004_Total,BCP4_Total_AGGCCGTCAGGGTTAG,QVRLQESGPGLVKPSQTLSLTCTVSGDSITSGDYYWSWIRQSPGKGLEWIAYIYSSGNTYYSPSLKSRVTISADTSKDQFSLELRSVTAADTAVYYCARVYDVWHWFDPWGQGTLVTVSS,NFMLTQPHSVSESPGKTVNISCTGSSGSIASNYVQWYQQRPGSVPITVIYEDIQRPSGVPDRFSGSIDSSSNSASLTISGLKTEDEADYYCQSFDNNNHVIFGGGTKLTVL,IGL,observed_single_cell_pair,1,0.841473400592804
pos_0009,BCP003_Total,BCP3_Total_GCGAGAACAAGAAGAG,QVQLVQSGAEVKKPGASVKVSCKVSGYTLTELSMHWVRQAPGKGLEWMGGFDPEDGETIYAQKFLGRVTVTADTSTDTAYMELSSLRSEDTAVYYCATDPQTIFGVVITPELGYWGQGTLVTVSS,QAVVTQEPSLTVSPGGTVTLTCGSSTGAVTSGHYPYWFQQKPGQAPRTLIYDTSKKHSWTPARFSGSLLGGKAALTLSGAQPEDEAEYYCLLSYSGARRVFGGGTKLTVL,IGL,observed_single_cell_pair,1,0.9016972780227661
neg_0022,BCP009_Total,BCP9_Total_GTCACGGCATGGTCTA,QVRLQESGPRLVQPWETLSLDCFVSGASIADTSYYWGWIRQSPGKGLEWLGHAYYNGKMYSNPSLRGRISIFVDTSKNLFSLRLTSLSAADTAVFYCARTELSYSGGLSGRWYPEDGFDIWGQGIKVTVAS,VIWMTQSPSLLSASTGDRVTISCRMSQGVTRFLACFQQEPGRAPEILIYIASTLQSGVPSRFSGSGSGTDFTLTVSSLQPEDFATYYCEQSYSSPQTFGQGTKVEI,IGK,shuffled_pseudo_negative,0,0.8993304967880249
pos_0013,BCP004_Total,BCP4_Total_GCGCAGTGTACCTACA,EVQLVESGGGLVKPGGSLRLSCAASGFAFSTFTLNWVRQAPGKGLEWVSSISFSSTYIHYADSVKGRFTISRDNAKNSLYLQMNSLRAEDTAVYYCARDSHPKTGDYFDYWGQGTLVTVSS,EIVLTQSPATLSLSPGERATLSCRASQSVNSCLAWYQQKPGQAPRLLIYDASNRATGIPARFSGSGSGTDFTLTISSLEPEDFAVYYCQQRSNWPPITFGQGTRLEI,IGK,observed_single_cell_pair,1,0.9583924412727356
neg_0013,BCP004_Total,BCP4_Total_GCGCAGTGTACCTACA,EVQLVESGGGLVKPGGSLRLSCAASGFAFSTFTLNWVRQAPGKGLEWVSSISFSSTYIHYADSVKGRFTISRDNAKNSLYLQMNSLRAEDTAVYYCARDSHPKTGDYFDYWGQGTLVTVSS,QSVLTQPPSVSAAPGQKVTISCSGSSSNIGNNYVSWYQQLPGTAPKLLIYDNNKRPSGIPDRFSGSKSGTSATLGITGLQTGDEADYYCGTWDSSLSAYVFGTGTKVTVL,IGL,shuffled_pseudo_negative,0,0.19811314344406128
pos_0002,BCP003_Total,BCP3_Total_CTACCCATCGAACGGA,QVQLQESGPGLVKPSGTLSLTCAVSGGSISSSNWWSWVRQPPGKGLEWIGEIYHSGSTNYNPSLKSRVTISVDKSKNQFSLKLSSVTAADTAVYYCARAWSDGYSYGFGFDYWGQGTLVTVSS,DIVMTQSPDSLAVSLGERATINCKSSQSVLYSSNNKNYLAWYQQKPGQPPKLLIYWASTRESGVPDRFSGSGSGTDFTLTISSLQAEDVAVYYCQQYYSTPLTFGGGTKVEIK,IGK,observed_single_cell_pair,1,0.718511164188385
neg_0002,BCP003_Total,BCP3_Total_CTACCCATCGAACGGA,QVQLQESGPGLVKPSGTLSLTCAVSGGSISSSNWWSWVRQPPGKGLEWIGEIYHSGSTNYNPSLKSRVTISVDKSKNQFSLKLSSVTAADTAVYYCARAWSDGYSYGFGFDYWGQGTLVTVSS,QSALTQPASVSGSPGQSITISCTGTSSDVGAYNLVSWYKQYPGKVPKLMIYEVTKRPSGVSNRFSGSKSGSTASLTISGLQVEDEADYYCCSYAGSSAFVVFGGGTKLTVL,IGL,shuffled_pseudo_negative,0,0.0004278724081814289
neg_0011,BCP004_Total,BCP4_Total_AGGCCGTCAGGGTTAG,QVRLQESGPGLVKPSQTLSLTCTVSGDSITSGDYYWSWIRQSPGKGLEWIAYIYSSGNTYYSPSLKSRVTISADTSKDQFSLELRSVTAADTAVYYCARVYDVWHWFDPWGQGTLVTVSS,EIVLTQSPATLSLSPGERATLSCRASQSVNSCLAWYQQKPGQAPRLLIYDASNRATGIPARFSGSGSGTDFTLTISSLEPEDFAVYYCQQRSNWPPITFGQGTRLEI,IGK,shuffled_pseudo_negative,0,0.1694822460412979
neg_0001,BCP005_Total,BCP5_Total_CCGGGATTCAACACTG,EVQLVESGGGLVQPGGSLRLSCAASGFTFSTYWMGWVRQAPGKGLEWVANLKQDGSVTYYVDSVKGRFIISRDNAKNSLYLQMNSLRAEDTAVYYCARVGGWGWFDPWGQGTLVTVSS,SYVLTQPPSVSVAPGQTATITCGANNIGSERVNWYQQRPGQAPAVVISFDSDRPPGIPERFSGSNSGNTATLTISRVEAGDDADYFCQVWDVSRGQVVFGGGTKLTVL,IGL,shuffled_pseudo_negative,0,0.3743630051612854
neg_0010,BCP005_Total,BCP5_Total_GATCTAGCACAGATTC,EVQLVQSGAEVKKPGESLQISCKGSGYSFTNYWIAWVRQMPGKGLEWMAIFYPGDSDSRYNPSFQGHVSVSADKSISTAYLQWTYLKASDTAMYYCARLRGYYDKSGIRSYFDFWGQGTLVTVSS,QTVVTQEPSFSVSPGGTVTLTCGLSSGSVSRSHYPSWYQQAPGQAPRTLISDTDTRSSGVPDRFSGSILGNKAALIITGAQAGDASDYHCALYMGGGIWVFGGGTKLTVL,IGL,shuffled_pseudo_negative,0,0.4558756649494171
neg_0014,BCP009_Total,BCP9_Total_GCCTCTATCACGATGT,QVQLMESGGGVVQPGRSLRLSCVVSGLTFSSYGMHWVRQAPGKGLEWVAFISQTAENEGYADSVKGRFTVFRDNFGDTLYLQMNSLRPEDTAVYFCANAMAHWRWLVSLEYWGQGTLVTVSS,DIVMTQSPDSLAVSLGERATINCKSSQSVLYSSNNKNYLAWYQQKPGQPPKLLIYWASTRESGVPDRFSGSGSGTDFTLTISSLQAEDVAVYYCQQYYSTPQTFGQGTKLEIK,IGK,shuffled_pseudo_negative,0,0.00029226759215816855
pos_0016,BCP008_Total,BCP8_Total_CGTTGGGGTAAGAGGA,QVQLVQSGAEVKKPGASVKVSCKASGYTFTGYYIHWVRQAPGQGLEWMGWINPNSGGTNYAQKFQGRVTMTRDTSISTAYMELSRLRSDDTAVYYCARGGGDFWSVYLPHPFDYWGQGTLVTVSS,DIVMTQSPDSLAVSLGERATINCKSSQSVLYSSNNKNYLAWYQQKPGQPPKLLIYWASTRESGVPDRFSGSGSGTDFTLTISSLQAEDVAVYYCQQYYSTPQTFGQGTKLEIK,IGK,observed_single_cell_pair,1,0.5783992409706116
pos_0010,BCP005_Total,BCP5_Total_GATCTAGCACAGATTC,EVQLVQSGAEVKKPGESLQISCKGSGYSFTNYWIAWVRQMPGKGLEWMAIFYPGDSDSRYNPSFQGHVSVSADKSISTAYLQWTYLKASDTAMYYCARLRGYYDKSGIRSYFDFWGQGTLVTVSS,VIWMTQSPSLLSASTGDRVTISCRMSQGVTRFLACFQQEPGRAPEILIYIASTLQSGVPSRFSGSGSGTDFTLTVSSLQPEDFATYYCEQSYSSPQTFGQGTKVEI,IGK,observed_single_cell_pair,1,0.9777886271476746
pos_0018,BCP005_Total,BCP5_Total_GACTACAGTTCATGGT,EVQLVQSGAEVKKPGESLKISCQGFGYNFPAYWIGWVRQMPGRGLEWMGLIYPGDSDASYSPSFQGQVTISADKSISSAYLQWSSLKASDTAMYYCARQRLHSYGNGAFDIWGQGTMVTVSS,EVVLTQSPGTLSLSPGERATLSCRASQSVSSNYLAWYQQRPGQAPRLLIYGASTRATGIPDRFSGSGSGTDFTLTISRLEPEDFAVYHCQQYYGVETFGQGTKVEIK,IGK,observed_single_cell_pair,1,0.8843645453453064
